mse,pearson_r,pearson_p,r2
0.7883381247520447,0.9041023850440979,0.0,0.8160638809204102
